{
    "preamble": {
        "sourceAuthor": ["Vurgaftman, I.","Meyer, J.R.","Ram-Mohan, L.R."],
        "sourceDOI": ["10.1063/1.1368156","10.1063/1.1600519"]
    },    
    "ZBB": {
        "GaAs": {
            "a_lc": ["_NaN_", 5.65325, "_NaN_"],
            "a_lcExp": ["_NaN_", 3.88e-5, "_NaN_"],
            "E_g0": [
                [1.420,1.519,1.435],
                ["_NaN_", 1.981, "_NaN_"],
                ["_NaN_",1.815,"_NaN_"]
            ],
            "alpha": [
                [0.51,0.5405,1.06],
                ["_NaN_",0.460,"_NaN_"],
                ["_NaN_",0.605,"_NaN_"]
            ],
            "beta": [
                [190,204,671],
                ["_NaN_",204,"_NaN_"],
                ["_NaN_",204,"_NaN_"]
            ],
            "delta_so": [0.32,0.341,0.36],
            "meffe": [0.0635,0.067,0.07],
            "meffl": [
                ["_NaN_",1.3,"_NaN_"],
                ["_NaN_",1.9,"_NaN_"]
            ],
            "mefft": [
                ["_NaN_",0.23,"_NaN_"],
                ["_NaN_",0.0754,"_NaN_"]
            ],
            "meffDOS": [
                ["_NaN_",0.85,"_NaN_"],
                ["_NaN_",0.56,"_NaN_"]
            ],
            "gamma": [
                [6.79,6.98,7.20],
                [1.9,2.06,2.88],
                [2.681,2.93,3.05]
            ],
            "meffso": [0.133,0.172,0.388],
            "E_P": [25.5,28.8,29.0],
            "F": [-2,-1.94,0.76],
            "VBO": ["_NaN_",-0.8,"_NaN_"],
            "a_c": [-18.3,-7.17,-6.3],
            "a_v": [-2.1,-1.16,-0.2],
            "b": [-3.9,-2,-1.66],
            "d": [-6,-4.8,-2.7],
            "C": [
                [1221,566,566,0,0,0],
                [566,1221,566,0,0,0],
                [566,566,1221,0,0,0],
                [0,0,0,600,0,0],
                [0,0,0,0,600,0],
                [0,0,0,0,0,600]
            ]
        },
        "InAs": {
            "a_lc": ["_NaN_",6.0583,"_NaN_"],
            "a_lcExp": ["_NaN_",2.74e-5,"_NaN_"],
            "E_g0": [
                [0.410,0.417,0.410],
                ["_NaN_",1.433,"_NaN_"],
                [1.13,1.133,1.175]
            ],
            "alpha": [
                ["_NaN_",0.276,"_NaN_"],
                ["_NaN_",0.276,"_NaN_"],
                ["_NaN_",0.276,"_NaN_"]
            ],
            "beta": [
                ["_NaN_",93,"_NaN_"],
                ["_NaN_",93,"_NaN_"],
                ["_NaN_",93,"_NaN_"]
            ],
            "delta_so": [0.37,0.39,0.41],
            "meffe": [0.023,0.026,0.03],
            "meffl": [
                ["_NaN_",1.13,"_NaN_"],
                ["_NaN_",0.64,"_NaN_"]
            ],
            "mefft": [
                ["_NaN_",0.16,"_NaN_"],
                ["_NaN_",0.05,"_NaN_"]
            ],
            "meffDOS": [
                ["_NaN_",0.64,"_NaN_"],
                ["_NaN_",0.29,"_NaN_"]
            ],
            "gamma": [
                [6.79,20,7.2],
                [1.9,8.5,2.88],
                [2.681,9.2,3.05]
            ],
            "meffso": [0.09,0.14,0.15],
            "E_P": [21.5,21.5,22.2],
            "F": [-2.9,-2.9,0],
            "VBO": ["_NaN_",-0.59,"_NaN_"],
            "a_c": [-11.7,-5.08,-5.08],
            "a_v": [-5.2,-1,-1],
            "b": [-8,-1.8,-2.57],
            "d": ["_NaN_",3.6,"_NaN_"],
            "C": [
                [832.9,452.6,452.6,0,0,0],
                [452.6,832.9,452.6,0,0,0],
                [452.6,452.6,832.9,0,0,0],
                [0,0,0,395.9,0,0],
                [0,0,0,0,395.9,0],
                [0,0,0,0,0,395.9]
            ]
        }
    },
    "Bow_ZBB": {
        "GaInAs": {
            "E_g": [
                [0.32,0.477,0.46],
                [0.08,1.4,1.4],
                [0.33,0.33,0.72]
            ],
            "delta_so": [0.15,0.15,0.2],
            "meffe": ["_NaN_",0.0091,"_NaN_"],
            "meffhhz": ["_NaN_",-0.145,"_NaN_"],
            "mefflhz": ["_NaN_",0.0202,"_NaN_"],
            "gamma3_gamma2": ["_NaN_",0.481,"_NaN_"],
            "E_P": ["_NaN_",-1.48,"_NaN_"],
            "F": ["_NaN_",1.77,"_NaN_"],
            "VBO": ["_NaN_",-0.38,"_NaN_"],
            "a_c": ["_NaN_",2.61,"_NaN_"]
        }
    }
}
